Malware,LdrUnloadDll,NtOpenKey,SetUnhandledExceptionFilter,NtTerminateProcess,NtClose,GetSystemTimeAsFileTime,NtQueryValueKey,RegSetValueExW,NtDuplicateObject,NtOpenSection,CoUninitialize,RegCloseKey,NtQueryKey,NtSetValueKey,DrawTextExW,GetSystemInfo,NtCreateKey,DeviceIoControl,FindResourceW,IsDebuggerPresent,GetSystemWindowsDirectoryW,GetFileVersionInfoSizeW,NtOpenProcess,GetForegroundWindow,GetFileAttributesW,RegQueryValueExW,NtMapViewOfSection,GetVolumePathNamesForVolumeNameW,RegEnumKeyW,GetSystemMetrics,GetFileVersionInfoSizeExW,SizeofResource,CreateActCtxW,GetFileVersionInfoExW,GetUserNameW,RegOpenKeyExW,SetErrorMode,ShellExecuteExW,NtOpenMutant,NtAllocateVirtualMemory,CreateDirectoryW,DeleteFileW,NtOpenDirectoryObject,GetKeyState,NtEnumerateValueKey,NtReadFile,NtOpenFile,GetFileSizeEx,NtUnmapViewOfSection,CoCreateInstance,GetSystemDirectoryW,NtQueryDirectoryFile,SHGetFolderPathW,FindResourceExW,NtFreeVirtualMemory,GetVolumeNameForVolumeMountPointW,NtQueryAttributesFile,NtCreateMutant,CoInitializeEx,GetFileInformationByHandleEx,LdrGetDllHandle,NtCreateSection,GetFileAttributesExW,LoadStringW,RegDeleteValueW,SearchPathW,LoadResource,LdrGetProcedureAddress,GetFileVersionInfoW,NtEnumerateKey,NtOpenKeyEx,LdrLoadDll,NtCreateFile,OleInitialize,CreateProcessInternalW,GetNativeSystemInfo,NtResumeThread,NtCreateThreadEx,NtDelayExecution,NtQuerySystemInformation,CreateThread,GlobalMemoryStatusEx,RegCreateKeyExW,LookupAccountSidW,CryptExportKey,CryptHashData,CryptCreateHash,RtlAddVectoredContinueHandler,RtlAddVectoredExceptionHandler,CryptAcquireContextA,GetFileInformationByHandle,__exception__,RegQueryInfoKeyW,RegEnumKeyExW,NtProtectVirtualMemory,RegEnumValueW,CoInitializeSecurity,LookupPrivilegeValueW,OutputDebugStringA,UuidCreate,GetCursorPos,WriteConsoleW,SetFilePointer,NtWriteFile,GetTempPathW,GetFileType,RegOpenKeyExA,GetVolumePathNameW,RemoveDirectoryW,GetFileSize,FindFirstFileExW,NtOpenThread,NtQueryInformationFile,WSAStartup,gethostbyname,NtDeviceIoControlFile,connect,closesocket,socket,GetAdaptersInfo,CreateToolhelp32Snapshot,GetComputerNameW,Process32NextW,Process32FirstW,MessageBoxTimeoutW,GetSystemWindowsDirectoryA,OpenServiceA,RegQueryValueExA,ControlService,RegCreateKeyExA,DeleteService,CreateServiceA,UnhookWindowsHookEx,ReadProcessMemory,LoadStringA,SetWindowsHookExA,RegSetValueExA,StartServiceA,SetFileAttributesW,OpenSCManagerA,OpenServiceW,StartServiceW,OpenSCManagerW,EnumWindows,FindWindowW,NtReadVirtualMemory,NtSetInformationFile,GetShortPathNameW,NetShareEnum,SendNotifyMessageW,SetFileTime,CreateJobObjectW,SetInformationJobObject,InternetQueryOptionA,CreateServiceW,CopyFileA,getaddrinfo,InternetOpenA,GetAdaptersAddresses,Thread32Next,Thread32First,InternetSetOptionA,GetTimeZoneInformation,FindResourceA,RegDeleteValueA,GetUserNameA,HttpOpenRequestW,InternetCloseHandle,GetComputerNameA,InternetConnectW,SetWindowsHookExW,HttpSendRequestW,InternetOpenW,SetStdHandle,RegDeleteKeyW,GetUserNameExW,SetFilePointerEx,CoCreateInstanceEx,MoveFileWithProgressW,IWbemServices_ExecQuery,CryptAcquireContextW,CoGetClassObject,SHGetSpecialFolderLocation,SetEndOfFile,GetSystemDirectoryA,GetDiskFreeSpaceExW,SendNotifyMessageA,DrawTextExA,GetAddrInfoW,getsockname,select,URLDownloadToFileW,bind,InternetCrackUrlA,RegEnumKeyExA,InternetSetStatusCallback,CryptDecrypt,DeleteUrlCacheEntryW,ObtainUserAgentString,HttpSendRequestA,RegEnumValueA,HttpOpenRequestA,InternetConnectA,InternetCrackUrlW,GetAsyncKeyState,ReadCabinetState,InternetOpenUrlW,MessageBoxTimeoutA,FindResourceExA,GlobalMemoryStatus,GetKeyboardState,setsockopt,Module32FirstW,Module32NextW,RegQueryInfoKeyA,NtDeleteKey
0,1.0,1.0,1.0,3.0,2.0,1.0,1.0,,,,,,,,,,,,,,,,,,,,,,,,,,,,,,,,,,,,,,,,,,,,,,,,,,,,,,,,,,,,,,,,,,,,,,,,,,,,,,,,,,,,,,,,,,,,,,,,,,,,,,,,,,,,,,,,,,,,,,,,,,,,,,,,,,,,,,,,,,,,,,,,,,,,,,,,,,,,,,,,,,,,,,,,,,,,,,,,,,,,,,,,,,,,,,,,,,,,,,,,,,,,,,,,,
0,30.0,246.0,3.0,6.0,2577.0,247.0,3597.0,8.0,16.0,23.0,100.0,161.0,3035.0,67.0,32.0,65.0,6.0,7.0,38.0,2.0,9.0,5.0,32.0,2.0,66.0,122.0,66.0,16.0,237.0,1081.0,14.0,19.0,5.0,14.0,2.0,269.0,126.0,2.0,2.0,314.0,4.0,2.0,1.0,30.0,162.0,40.0,33.0,26.0,59.0,16.0,7.0,136.0,11.0,20.0,67.0,8.0,41.0,12.0,101.0,22.0,84.0,52.0,11.0,10.0,16.0,19.0,56.0,396.0,5.0,286.0,2238.0,83.0,209.0,2.0,2.0,1.0,5.0,1.0,1.0,1.0,5.0,2.0,1.0,6.0,104.0,205.0,205.0,1.0,1.0,101.0,6.0,1.0,6.0,17.0,59.0,5.0,1.0,1.0,202.0,1.0,,,,,,,,,,,,,,,,,,,,,,,,,,,,,,,,,,,,,,,,,,,,,,,,,,,,,,,,,,,,,,,,,,,,,,,,,,,,,,,,,,,,,,,,,,,,,,,,,,,,,,,,,,,,,,,,,,,,
0,31.0,246.0,3.0,6.0,2577.0,247.0,3597.0,8.0,16.0,23.0,100.0,161.0,3035.0,67.0,32.0,65.0,6.0,7.0,38.0,2.0,9.0,5.0,32.0,7.0,66.0,122.0,66.0,16.0,237.0,1103.0,14.0,19.0,5.0,14.0,2.0,269.0,128.0,2.0,2.0,310.0,4.0,2.0,1.0,30.0,162.0,40.0,33.0,26.0,59.0,16.0,7.0,136.0,11.0,20.0,77.0,8.0,41.0,12.0,101.0,22.0,84.0,52.0,11.0,10.0,16.0,19.0,56.0,397.0,5.0,286.0,2238.0,84.0,209.0,2.0,2.0,1.0,5.0,1.0,1.0,1.0,5.0,2.0,1.0,6.0,104.0,205.0,205.0,1.0,1.0,101.0,6.0,1.0,6.0,17.0,59.0,5.0,1.0,1.0,202.0,1.0,1.0,,,,,,,,,,,,,,,,,,,,,,,,,,,,,,,,,,,,,,,,,,,,,,,,,,,,,,,,,,,,,,,,,,,,,,,,,,,,,,,,,,,,,,,,,,,,,,,,,,,,,,,,,,,,,,,,,,,
0,1.0,6.0,1.0,3.0,10.0,1.0,5.0,,,,1.0,,,,,,,,,,,,,,,,1.0,,,,,,,,,,,,,1.0,,,,,,,,,,,,,,,,,2.0,,1.0,,2.0,1.0,,3.0,,,,,,,,,1.0,,,,,,,,,,,,,,,,,,,,,,,,,,,,,2.0,,,,,,,,,,,,,,,,,,,,,,,,,,,,,,,,,,,,,,,,,,,,,,,,,,,,,,,,,,,,,,,,,,,,,,,,,,,,,,,,,,,,,,,,,,,,,,,,,,,,,,,,,,,,,,,,,,
0,1.0,1.0,1.0,3.0,2.0,1.0,1.0,,,,,,,,,,,,,,,,,,,,,,,,,,,,,,,,,,,,,,,,,,,,,,,,,,,,,,,,,,,,,,,,,,,,,,,,,,,,,,,,,,,,,,,,,,,,,,,,,,,,,,,,,,,,,,,,,,,,,,,,,,,,,,,,,,,,,,,,,,,,,,,,,,,,,,,,,,,,,,,,,,,,,,,,,,,,,,,,,,,,,,,,,,,,,,,,,,,,,,,,,,,,,,,,,
0,1.0,1.0,1.0,3.0,2.0,1.0,1.0,,,,,,,,,,,,,,,,,,,,,,,,,,,,,,,,,,,,,,,,,,,,,,,,,,,,,,,,,,,,,,,,,,,,,,,,,,,,,,,,,,,,,,,,,,,,,,,,,,,,,,,,,,,,,,,,,,,,,,,,,,,,,,,,,,,,,,,,,,,,,,,,,,,,,,,,,,,,,,,,,,,,,,,,,,,,,,,,,,,,,,,,,,,,,,,,,,,,,,,,,,,,,,,,,
0,31.0,246.0,3.0,6.0,2578.0,248.0,3596.0,8.0,17.0,23.0,100.0,161.0,3035.0,67.0,34.0,65.0,6.0,7.0,38.0,2.0,9.0,5.0,32.0,2.0,66.0,122.0,66.0,16.0,237.0,1095.0,14.0,19.0,5.0,14.0,2.0,269.0,128.0,2.0,2.0,304.0,4.0,2.0,1.0,30.0,161.0,41.0,33.0,27.0,59.0,16.0,7.0,136.0,11.0,20.0,77.0,8.0,41.0,12.0,101.0,23.0,85.0,52.0,11.0,10.0,16.0,19.0,56.0,399.0,5.0,286.0,2238.0,84.0,210.0,2.0,2.0,1.0,5.0,1.0,1.0,1.0,5.0,2.0,1.0,6.0,104.0,205.0,205.0,1.0,1.0,101.0,6.0,1.0,6.0,17.0,59.0,5.0,1.0,1.0,202.0,1.0,,,,,,,,,,,,,,,,,,,,,,,,,,,,,,,,,,,,,,,,,,,,,,,,,,,,,,,,,,,,,,,,,,,,,,,,,,,,,,,,,,,,,,,,,,,,,,,,,,,,,,,,,,,,,,,,,,,,
0,1.0,1.0,1.0,3.0,2.0,1.0,1.0,,,,,,,,,,,,,,,,,,,,,,,,,,,,,,,,,,,,,,,,,,,,,,,,,,,,,,,,,,,,,,,,,,,,,,,,,,,,,,,,,,,,,,,,,,,,,,,,,,,,,,,,,,,,,,,,,,,,,,,,,,,,,,,,,,,,,,,,,,,,,,,,,,,,,,,,,,,,,,,,,,,,,,,,,,,,,,,,,,,,,,,,,,,,,,,,,,,,,,,,,,,,,,,,,
0,1.0,1.0,1.0,3.0,2.0,1.0,1.0,,,,,,,,,,,,,,,,,,,,,,,,,,,,,,,,,,,,,,,,,,,,,,,,,,,,,,,,,,,,,,,,,,,,,,,,,,,,,,,,,,,,,,,,,,,,,,,,,,,,,,,,,,,,,,,,,,,,,,,,,,,,,,,,,,,,,,,,,,,,,,,,,,,,,,,,,,,,,,,,,,,,,,,,,,,,,,,,,,,,,,,,,,,,,,,,,,,,,,,,,,,,,,,,,
0,1.0,1.0,1.0,3.0,12.0,1.0,1.0,,,,1.0,,,,,,,,,,,,,,,,,,,,,,,,,,,,,,,,,,,,,,,,,,,,,,,,1.0,,2.0,,,,,,,,,,,,,,,,,,,,,,,,,,,,,,,,,,,,1.0,,,,,,,,,,,,,,,,,,,,,,,,,,,,,,,,,,,,,,,,,,,,,,,,,,,,,,,,,,,,,,,,,,,,,,,,,,,,,,,,,,,,,,,,,,,,,,,,,,,,,,,,,,,,,,,,,,,,,,,
0,30.0,246.0,3.0,6.0,2573.0,247.0,3596.0,8.0,17.0,23.0,100.0,161.0,3027.0,67.0,32.0,65.0,6.0,7.0,38.0,2.0,9.0,5.0,32.0,2.0,66.0,122.0,66.0,16.0,235.0,1085.0,14.0,19.0,5.0,14.0,2.0,269.0,126.0,2.0,2.0,315.0,4.0,2.0,1.0,30.0,162.0,40.0,31.0,26.0,59.0,16.0,7.0,134.0,11.0,20.0,71.0,8.0,41.0,12.0,101.0,22.0,85.0,52.0,11.0,10.0,16.0,19.0,56.0,398.0,5.0,286.0,2233.0,83.0,209.0,2.0,2.0,1.0,5.0,1.0,1.0,1.0,5.0,2.0,1.0,6.0,104.0,205.0,205.0,1.0,1.0,101.0,6.0,1.0,6.0,17.0,59.0,5.0,1.0,1.0,202.0,1.0,,,,,,,,,,,,,,,,,,,,,,,,,,,,,,,,,,,,,,,,,,,,,,,,,,,,,,,,,,,,,,,,,,,,,,,,,,,,,,,,,,,,,,,,,,,,,,,,,,,,,,,,,,,,,,,,,,,,
0,1.0,1.0,1.0,3.0,2.0,1.0,1.0,,,,,,,,,,,,,,,,,,,,,,,,,,,,,,,,,,,,,,,,,,,,,,,,,,,,,,,,,,,,,,,,,,,,,,,,,,,,,,,,,,,,,,,,,,,,,,,,,,,,,,,,,,,,,,,,,,,,,,,,,,,,,,,,,,,,,,,,,,,,,,,,,,,,,,,,,,,,,,,,,,,,,,,,,,,,,,,,,,,,,,,,,,,,,,,,,,,,,,,,,,,,,,,,,
0,30.0,246.0,3.0,6.0,2572.0,247.0,3596.0,8.0,16.0,23.0,100.0,161.0,3027.0,67.0,34.0,65.0,6.0,7.0,38.0,2.0,9.0,5.0,32.0,2.0,66.0,122.0,66.0,16.0,235.0,1095.0,14.0,19.0,5.0,14.0,2.0,269.0,126.0,2.0,2.0,290.0,4.0,2.0,1.0,30.0,162.0,40.0,31.0,26.0,59.0,16.0,7.0,134.0,11.0,20.0,70.0,8.0,41.0,12.0,101.0,22.0,85.0,52.0,11.0,10.0,16.0,19.0,56.0,398.0,5.0,286.0,2233.0,83.0,209.0,2.0,2.0,1.0,5.0,1.0,1.0,1.0,5.0,2.0,1.0,6.0,104.0,205.0,205.0,1.0,1.0,101.0,6.0,1.0,6.0,17.0,59.0,5.0,1.0,1.0,202.0,1.0,,,,,,,,,,,,,,,,,,,,,,,,,,,,,,,,,,,,,,,,,,,,,,,,,,,,,,,,,,,,,,,,,,,,,,,,,,,,,,,,,,,,,,,,,,,,,,,,,,,,,,,,,,,,,,,,,,,,
0,30.0,246.0,3.0,6.0,2575.0,247.0,3597.0,8.0,16.0,23.0,100.0,161.0,3035.0,67.0,32.0,65.0,6.0,7.0,38.0,2.0,9.0,5.0,32.0,3.0,66.0,122.0,66.0,16.0,237.0,1113.0,14.0,19.0,5.0,14.0,2.0,269.0,126.0,2.0,2.0,316.0,4.0,2.0,1.0,30.0,162.0,40.0,31.0,26.0,59.0,16.0,7.0,134.0,11.0,20.0,78.0,8.0,41.0,12.0,101.0,22.0,85.0,52.0,11.0,10.0,16.0,19.0,56.0,398.0,5.0,286.0,2238.0,83.0,209.0,2.0,2.0,1.0,5.0,1.0,1.0,1.0,5.0,2.0,1.0,6.0,104.0,205.0,205.0,1.0,1.0,101.0,6.0,1.0,6.0,17.0,59.0,5.0,1.0,1.0,202.0,1.0,,,,,,,,,,,,,,,,,,,,,,,,,,,,,,,,,,,,,,,,,,,,,,,,,,,,,,,,,,,,,,,,,,,,,,,,,,,,,,,,,,,,,,,,,,,,,,,,,,,,,,,,,,,,,,,,,,,,
0,1.0,1.0,1.0,3.0,2.0,1.0,1.0,,,,,,,,,,,,,,,,,,,,,,,,,,,,,,,,,,,,,,,,,,,,,,,,,,,,,,,,,,,,,,,,,,,,,,,,,,,,,,,,,,,,,,,,,,,,,,,,,,,,,,,,,,,,,,,,,,,,,,,,,,,,,,,,,,,,,,,,,,,,,,,,,,,,,,,,,,,,,,,,,,,,,,,,,,,,,,,,,,,,,,,,,,,,,,,,,,,,,,,,,,,,,,,,,
0,30.0,246.0,3.0,6.0,2573.0,247.0,3596.0,8.0,16.0,23.0,100.0,161.0,3027.0,67.0,32.0,65.0,6.0,7.0,38.0,2.0,9.0,5.0,32.0,2.0,66.0,122.0,66.0,16.0,235.0,1085.0,14.0,19.0,5.0,14.0,2.0,269.0,126.0,2.0,2.0,319.0,4.0,2.0,1.0,30.0,162.0,40.0,31.0,26.0,59.0,16.0,7.0,134.0,11.0,20.0,79.0,8.0,41.0,12.0,101.0,22.0,85.0,52.0,11.0,10.0,16.0,19.0,56.0,398.0,5.0,286.0,2233.0,83.0,209.0,2.0,2.0,1.0,5.0,1.0,1.0,1.0,5.0,2.0,1.0,6.0,104.0,205.0,205.0,1.0,1.0,101.0,6.0,1.0,6.0,17.0,59.0,5.0,1.0,1.0,202.0,1.0,,,,,,,,,,,,,,,,,,,,,,,,,,,,,,,,,,,,,,,,,,,,,,,,,,,,,,,,,,,,,,,,,,,,,,,,,,,,,,,,,,,,,,,,,,,,,,,,,,,,,,,,,,,,,,,,,,,,
0,1.0,1.0,1.0,3.0,4.0,1.0,1.0,,,,,,,,,,,,,,,,,,,,,,,,,,,,,,1.0,,,2.0,,,,,,,,,,,,,,,,,,,,,2.0,,,,,,,,,,,,,,,,,,,,,,,,,,,,,,,,,,,,,,,,,,,,,,,,,,,,,,,,,,,,,,,,,,,,,,,,,,,,,,,,,,,,,,,,,,,,,,,,,,,,,,,,,,,,,,,,,,,,,,,,,,,,,,,,,,,,,,,,,,,,,,,,,,,,,,,,,,,
0,1.0,1.0,1.0,3.0,2.0,1.0,1.0,,,,,,,,,,,,,,,,,,,,,,,,,,,,,,,,,,,,,,,,,,,,,,,,,,,,,,,,,,,,,,,,,,,,,,,,,,,,,,,,,,,,,,,,,,,,,,,,,,,,,,,,,,,,,,,,,,,,,,,,,,,,,,,,,,,,,,,,,,,,,,,,,,,,,,,,,,,,,,,,,,,,,,,,,,,,,,,,,,,,,,,,,,,,,,,,,,,,,,,,,,,,,,,,,
0,1.0,1.0,1.0,3.0,2.0,1.0,1.0,,,,,,,,,,,,,,,,,,,,,,,,,,,,,,,,,,,,,,,,,,,,,,,,,,,,,,,,,,,,,,,,,,,,,,,,,,,,,,,,,,,,,,,,,,,,,,,,,,,,,,,,,,,,,,,,,,,,,,,,,,,,,,,,,,,,,,,,,,,,,,,,,,,,,,,,,,,,,,,,,,,,,,,,,,,,,,,,,,,,,,,,,,,,,,,,,,,,,,,,,,,,,,,,,
0,30.0,246.0,3.0,6.0,2575.0,247.0,3596.0,8.0,17.0,23.0,100.0,161.0,3027.0,67.0,29.0,65.0,6.0,7.0,38.0,2.0,9.0,5.0,32.0,2.0,66.0,122.0,66.0,16.0,235.0,1061.0,14.0,19.0,5.0,14.0,2.0,269.0,126.0,2.0,2.0,313.0,4.0,2.0,1.0,30.0,162.0,40.0,31.0,26.0,59.0,16.0,7.0,134.0,11.0,20.0,73.0,8.0,41.0,12.0,101.0,22.0,85.0,52.0,11.0,10.0,16.0,19.0,56.0,398.0,5.0,286.0,2233.0,83.0,209.0,2.0,2.0,1.0,5.0,1.0,1.0,1.0,5.0,2.0,1.0,6.0,104.0,205.0,205.0,1.0,1.0,101.0,6.0,1.0,6.0,17.0,59.0,5.0,1.0,1.0,202.0,1.0,,,,,,,,,,,,,,,,,,,,,,,,,,,,,,,,,,,,,,,,,,,,,,,,,,,,,,,,,,,,,,,,,,,,,,,,,,,,,,,,,,,,,,,,,,,,,,,,,,,,,,,,,,,,,,,,,,,,
0,1.0,1.0,1.0,3.0,2.0,1.0,1.0,,,,,,,,,,,,,,,,,,,,,,,,,,,,,,,,,,,,,,,,,,,,,,,,,,,,,,,,,,,,,,,,,,,,,,,,,,,,,,,,,,,,,,,,,,,,,,,,,,,,,,,,,,,,,,,,,,,,,,,,,,,,,,,,,,,,,,,,,,,,,,,,,,,,,,,,,,,,,,,,,,,,,,,,,,,,,,,,,,,,,,,,,,,,,,,,,,,,,,,,,,,,,,,,,
0,1.0,1.0,1.0,3.0,2.0,1.0,1.0,,,,,,,,,,,,,,,,,,,,,,,,,,,,,,,,,,,,,,,,,,,,,,,,,,,,,,,,,,,,,,,,,,,,,,,,,,,,,,,,,,,,,,,,,,,,,,,,,,,,,,,,,,,,,,,,,,,,,,,,,,,,,,,,,,,,,,,,,,,,,,,,,,,,,,,,,,,,,,,,,,,,,,,,,,,,,,,,,,,,,,,,,,,,,,,,,,,,,,,,,,,,,,,,,
0,1.0,1.0,1.0,3.0,2.0,1.0,1.0,,,,,,,,,,,,,,,,,,,,,,,,,,,,,,,,,,,,,,,,,,,,,,,,,,,,,,,,,,,,,,,,,,,,,,,,,,,,,,,,,,,,,,,,,,,,,,,,,,,,,,,,,,,,,,,,,,,,,,,,,,,,,,,,,,,,,,,,,,,,,,,,,,,,,,,,,,,,,,,,,,,,,,,,,,,,,,,,,,,,,,,,,,,,,,,,,,,,,,,,,,,,,,,,,
0,31.0,246.0,3.0,6.0,2576.0,247.0,3597.0,8.0,16.0,23.0,100.0,161.0,3035.0,67.0,32.0,65.0,6.0,7.0,38.0,2.0,9.0,5.0,32.0,3.0,66.0,122.0,66.0,16.0,237.0,1113.0,14.0,19.0,5.0,14.0,2.0,269.0,128.0,2.0,2.0,307.0,4.0,2.0,1.0,30.0,162.0,40.0,31.0,26.0,59.0,16.0,7.0,134.0,11.0,20.0,74.0,8.0,41.0,12.0,101.0,22.0,85.0,52.0,11.0,10.0,16.0,19.0,56.0,399.0,5.0,286.0,2238.0,84.0,209.0,2.0,2.0,1.0,5.0,1.0,1.0,1.0,5.0,2.0,1.0,6.0,104.0,205.0,205.0,1.0,1.0,101.0,6.0,1.0,6.0,17.0,59.0,5.0,1.0,1.0,202.0,1.0,,,,,,,,,,,,,,,,,,,,,,,,,,,,,,,,,,,,,,,,,,,,,,,,,,,,,,,,,,,,,,,,,,,,,,,,,,,,,,,,,,,,,,,,,,,,,,,,,,,,,,,,,,,,,,,,,,,,
0,1.0,1.0,1.0,3.0,2.0,1.0,1.0,,,,,,,,,,,,,,,,,,,,,,,,,,,,,,,,,,,,,,,,,,,,,,,,,,,,,,,,,,,,,,,,,,,,,,,,,,,,,,,,,,,,,,,,,,,,,,,,,,,,,,,,,,,,,,,,,,,,,,,,,,,,,,,,,,,,,,,,,,,,,,,,,,,,,,,,,,,,,,,,,,,,,,,,,,,,,,,,,,,,,,,,,,,,,,,,,,,,,,,,,,,,,,,,,
0,1.0,1.0,1.0,3.0,2.0,1.0,1.0,,,,,,,,,,,,,,,,,,,,,,,,,,,,,,,,,,,,,,,,,,,,,,,,,,,,,,,,,,,,,,,,,,,,,,,,,,,,,,,,,,,,,,,,,,,,,,,,,,,,,,,,,,,,,,,,,,,,,,,,,,,,,,,,,,,,,,,,,,,,,,,,,,,,,,,,,,,,,,,,,,,,,,,,,,,,,,,,,,,,,,,,,,,,,,,,,,,,,,,,,,,,,,,,,
0,30.0,246.0,3.0,6.0,2577.0,247.0,3597.0,8.0,16.0,23.0,100.0,161.0,3035.0,67.0,32.0,65.0,6.0,7.0,38.0,2.0,9.0,5.0,32.0,2.0,66.0,122.0,66.0,16.0,237.0,1085.0,14.0,19.0,5.0,14.0,2.0,269.0,126.0,2.0,2.0,318.0,4.0,2.0,1.0,30.0,162.0,40.0,31.0,26.0,59.0,16.0,7.0,134.0,11.0,20.0,67.0,8.0,41.0,12.0,101.0,22.0,85.0,52.0,11.0,10.0,16.0,19.0,56.0,398.0,5.0,286.0,2238.0,83.0,209.0,2.0,2.0,1.0,5.0,1.0,1.0,1.0,5.0,2.0,1.0,6.0,104.0,205.0,205.0,1.0,1.0,101.0,6.0,1.0,6.0,17.0,59.0,5.0,1.0,1.0,202.0,1.0,,,,,,,,,,,,,,,,,,,,,,,,,,,,,,,,,,,,,,,,,,,,,,,,,,,,,,,,,,,,,,,,,,,,,,,,,,,,,,,,,,,,,,,,,,,,,,,,,,,,,,,,,,,,,,,,,,,,
0,30.0,246.0,3.0,6.0,2576.0,247.0,3597.0,8.0,16.0,23.0,100.0,161.0,3035.0,67.0,32.0,65.0,6.0,7.0,38.0,2.0,9.0,5.0,32.0,2.0,66.0,122.0,66.0,16.0,237.0,1085.0,14.0,19.0,5.0,14.0,2.0,269.0,126.0,2.0,2.0,291.0,4.0,2.0,1.0,30.0,162.0,40.0,31.0,26.0,59.0,16.0,7.0,134.0,11.0,20.0,69.0,8.0,41.0,12.0,101.0,22.0,85.0,52.0,11.0,10.0,16.0,19.0,56.0,398.0,5.0,286.0,2238.0,83.0,209.0,2.0,2.0,1.0,5.0,1.0,1.0,1.0,5.0,2.0,1.0,6.0,104.0,205.0,205.0,1.0,1.0,101.0,6.0,1.0,6.0,17.0,59.0,5.0,1.0,1.0,202.0,1.0,,,,,,,,,,,,,,,,,,,,,,,,,,,,,,,,,,,,,,,,,,,,,,,,,,,,,,,,,,,,,,,,,,,,,,,,,,,,,,,,,,,,,,,,,,,,,,,,,,,,,,,,,,,,,,,,,,,,
0,1.0,1.0,1.0,3.0,2.0,1.0,1.0,,,,,,,,,,,,,,,,,,,,,,,,,,,,,,,,,,,,,,,,,,,,,,,,,,,,,,,,,,,,,,,,,,,,,,,,,,,,,,,,,,,,,,,,,,,,,,,,,,,,,,,,,,,,,,,,,,,,,,,,,,,,,,,,,,,,,,,,,,,,,,,,,,,,,,,,,,,,,,,,,,,,,,,,,,,,,,,,,,,,,,,,,,,,,,,,,,,,,,,,,,,,,,,,,
0,1.0,1.0,1.0,3.0,2.0,1.0,1.0,,,,,,,,,,,,,,,,,,,,,,,,,,,,,,,,,,,,,,,,,,,,,,,,,,,,,,,,,,,,,,,,,,,,,,,,,,,,,,,,,,,,,,,,,,,,,,,,,,,,,,,,,,,,,,,,,,,,,,,,,,,,,,,,,,,,,,,,,,,,,,,,,,,,,,,,,,,,,,,,,,,,,,,,,,,,,,,,,,,,,,,,,,,,,,,,,,,,,,,,,,,,,,,,,
0,1.0,1.0,1.0,3.0,2.0,1.0,1.0,,,,,,,,,,,,,,,,,,,,,,,,,,,,,,,,,,,,,,,,,,,,,,,,,,,,,,,,,,,,,,,,,,,,,,,,,,,,,,,,,,,,,,,,,,,,,,,,,,,,,,,,,,,,,,,,,,,,,,,,,,,,,,,,,,,,,,,,,,,,,,,,,,,,,,,,,,,,,,,,,,,,,,,,,,,,,,,,,,,,,,,,,,,,,,,,,,,,,,,,,,,,,,,,,
0,1.0,1.0,1.0,3.0,8.0,1.0,1.0,,,,,1.0,,,,1.0,,,,,,,,,,,1.0,,,,,,,,,1.0,,,,,,,,,,,1.0,,1.0,,,2.0,,,,,,,,,,1.0,,,1.0,,,,,,,,1.0,,,,,,,,,,,,,,,,,,,,,,,,,,,,,,4.0,,,,,,,,,,,,,,,,,,,,,,,,,,,,,,,,,,,,,,,,,,,,,,,,,,,,,,,,,,,,,,,,,,,,,,,,,,,,,,,,,,,,,,,,,,,,,,,,,,,,,,,,,,,,,,,,,
0,1.0,1.0,1.0,3.0,2.0,1.0,1.0,,,,,,,,,,,,,,,,,,,,,,,,,,,,,,,,,,,,,,,,,,,,,,,,,,,,,,,,,,,,,,,,,,,,,,,,,,,,,,,,,,,,,,,,,,,,,,,,,,,,,,,,,,,,,,,,,,,,,,,,,,,,,,,,,,,,,,,,,,,,,,,,,,,,,,,,,,,,,,,,,,,,,,,,,,,,,,,,,,,,,,,,,,,,,,,,,,,,,,,,,,,,,,,,,
0,1.0,1.0,1.0,3.0,2.0,1.0,1.0,,,,,,,,,,,,,,,,,,,,,,,,,,,,,,,,,,,,,,,,,,,,,,,,,,,,,,,,,,,,,,,,,,,,,,,,,,,,,,,,,,,,,,,,,,,,,,,,,,,,,,,,,,,,,,,,,,,,,,,,,,,,,,,,,,,,,,,,,,,,,,,,,,,,,,,,,,,,,,,,,,,,,,,,,,,,,,,,,,,,,,,,,,,,,,,,,,,,,,,,,,,,,,,,,
0,1.0,1.0,1.0,3.0,2.0,1.0,1.0,,,,,,,,,,,,,,,,,,,,,,,,,,,,,,,,,,,,,,,,,,,,,,,,,,,,,,,,,,,,,,,,,,,,,,,,,,,,,,,,,,,,,,,,,,,,,,,,,,,,,,,,,,,,,,,,,,,,,,,,,,,,,,,,,,,,,,,,,,,,,,,,,,,,,,,,,,,,,,,,,,,,,,,,,,,,,,,,,,,,,,,,,,,,,,,,,,,,,,,,,,,,,,,,,
1,6.0,82.0,4.0,9.0,355.0,9.0,41.0,3.0,10.0,2.0,,44.0,,,50.0,5.0,,6.0,3.0,2.0,15.0,1.0,,,77.0,39.0,7.0,16.0,,424.0,,1.0,2.0,,,53.0,80.0,2.0,1.0,77.0,,43.0,3.0,,1.0,139.0,22.0,,7.0,,10.0,22.0,,42.0,24.0,6.0,,5.0,1.0,,119.0,3.0,,83.0,,,41.0,1340.0,1.0,28.0,29.0,53.0,93.0,1.0,4.0,2.0,,,589.0,1.0,2.0,,3.0,4.0,,,,,,,,1.0,,,11.0,,,1.0,,,4660.0,304.0,471.0,10.0,16.0,503.0,2.0,1.0,1.0,20.0,59.0,1.0,23.0,5.0,3.0,1.0,3.0,3.0,3.0,2.0,15.0,1.0,968.0,30.0,,,,,,,,,,,,,,,,,,,,,,,,,,,,,,,,,,,,,,,,,,,,,,,,,,,,,,,,,,,,,,,,,,,,,,,,,,,,,,,,,,,,,,,,,,,,
0,31.0,246.0,3.0,6.0,2573.0,247.0,3596.0,8.0,16.0,23.0,100.0,161.0,3027.0,67.0,32.0,65.0,6.0,7.0,38.0,2.0,9.0,5.0,32.0,2.0,66.0,122.0,66.0,16.0,235.0,1085.0,14.0,19.0,5.0,14.0,2.0,269.0,128.0,2.0,2.0,320.0,4.0,2.0,1.0,30.0,162.0,40.0,31.0,26.0,59.0,16.0,7.0,134.0,11.0,20.0,75.0,8.0,41.0,12.0,101.0,22.0,85.0,52.0,11.0,10.0,16.0,19.0,56.0,399.0,5.0,286.0,2233.0,84.0,209.0,2.0,2.0,1.0,5.0,1.0,1.0,1.0,5.0,2.0,1.0,6.0,104.0,205.0,205.0,1.0,1.0,101.0,6.0,1.0,6.0,17.0,59.0,5.0,1.0,1.0,202.0,1.0,,,,,,,,,,,,,,,,,,,,,,,,,,,,,,,,,,,,,,,,,,,,,,,,,,,,,,,,,,,,,,,,,,,,,,,,,,,,,,,,,,,,,,,,,,,,,,,,,,,,,,,,,,,,,,,,,,,,
0,1.0,1.0,1.0,3.0,2.0,1.0,1.0,,,,,,,,,,,,,,,,,,,,,,,,,,,,,,,,,,,,,,,,,,,,,,,,,,,,,,,,,,,,,,,,,,,,,,,,,,,,,,,,,,,,,,,,,,,,,,,,,,,,,,,,,,,,,,,,,,,,,,,,,,,,,,,,,,,,,,,,,,,,,,,,,,,,,,,,,,,,,,,,,,,,,,,,,,,,,,,,,,,,,,,,,,,,,,,,,,,,,,,,,,,,,,,,,
0,1.0,1.0,1.0,3.0,2.0,1.0,1.0,,,,,,,,,,,,,,,,,,,,,,,,,,,,,,,,,,,,,,,,,,,,,,,,,,,,,,,,,,,,,,,,,,,,,,,,,,,,,,,,,,,,,,,,,,,,,,,,,,,,,,,,,,,,,,,,,,,,,,,,,,,,,,,,,,,,,,,,,,,,,,,,,,,,,,,,,,,,,,,,,,,,,,,,,,,,,,,,,,,,,,,,,,,,,,,,,,,,,,,,,,,,,,,,,
0,1.0,1.0,1.0,3.0,2.0,1.0,1.0,,,,,,,,,,,,,,,,,,,,,,,,,,,,,,,,,,,,,,,,,,,,,,,,,,,,,,,,,,,,,,,,,,,,,,,,,,,,,,,,,,,,,,,,,,,,,,,,,,,,,,,,,,,,,,,,,,,,,,,,,,,,,,,,,,,,,,,,,,,,,,,,,,,,,,,,,,,,,,,,,,,,,,,,,,,,,,,,,,,,,,,,,,,,,,,,,,,,,,,,,,,,,,,,,
0,30.0,246.0,3.0,6.0,2576.0,247.0,3597.0,8.0,16.0,23.0,100.0,161.0,3035.0,67.0,32.0,65.0,6.0,7.0,38.0,2.0,9.0,5.0,32.0,2.0,66.0,122.0,66.0,16.0,237.0,1085.0,14.0,19.0,5.0,14.0,2.0,269.0,126.0,2.0,2.0,352.0,4.0,2.0,1.0,30.0,162.0,40.0,31.0,26.0,59.0,16.0,7.0,134.0,11.0,20.0,74.0,8.0,41.0,12.0,101.0,22.0,85.0,52.0,11.0,10.0,16.0,19.0,56.0,398.0,5.0,286.0,2238.0,83.0,209.0,2.0,2.0,1.0,5.0,1.0,1.0,1.0,5.0,2.0,1.0,6.0,104.0,205.0,205.0,1.0,1.0,101.0,6.0,1.0,6.0,17.0,59.0,5.0,1.0,1.0,202.0,1.0,,,,,,,,,,,,,,,,,,,,,,,,,,,,,,,,,,,,,,,,,,,,,,,,,,,,,,,,,,,,,,,,,,,,,,,,,,,,,,,,,,,,,,,,,,,,,,,,,,,,,,,,,,,,,,,,,,,,
0,1.0,1.0,1.0,3.0,2.0,1.0,1.0,,,,,,,,,,,,,,,,,,,,,,,,,,,,,,,,,,,,,,,,,,,,,,,,,,,,,,,,,,,,,,,,,,,,,,,,,,,,,,,,,,,,,,,,,,,,,,,,,,,,,,,,,,,,,,,,,,,,,,,,,,,,,,,,,,,,,,,,,,,,,,,,,,,,,,,,,,,,,,,,,,,,,,,,,,,,,,,,,,,,,,,,,,,,,,,,,,,,,,,,,,,,,,,,,
0,1.0,1.0,1.0,3.0,2.0,1.0,1.0,,,,,,,,,,,,,,,,,,,,,,,,,,,,,,,,,,,,,,,,,,,,,,,,,,,,,,,,,,,,,,,,,,,,,,,,,,,,,,,,,,,,,,,,,,,,,,,,,,,,,,,,,,,,,,,,,,,,,,,,,,,,,,,,,,,,,,,,,,,,,,,,,,,,,,,,,,,,,,,,,,,,,,,,,,,,,,,,,,,,,,,,,,,,,,,,,,,,,,,,,,,,,,,,,
0,1.0,1.0,1.0,3.0,2.0,1.0,1.0,,,,,,,,,,,,,,,,,,,,,,,,,,,,,,,,,,,,,,,,,,,,,,,,,,,,,,,,,,,,,,,,,,,,,,,,,,,,,,,,,,,,,,,,,,,,,,,,,,,,,,,,,,,,,,,,,,,,,,,,,,,,,,,,,,,,,,,,,,,,,,,,,,,,,,,,,,,,,,,,,,,,,,,,,,,,,,,,,,,,,,,,,,,,,,,,,,,,,,,,,,,,,,,,,
0,,1.0,1.0,3.0,23.0,1.0,1.0,,,,,,,,,,,,,,,,,,,,,,,,,,,,,,,,,,,,,,,,,,4.0,,,,,,,,,,,,2.0,,,2.0,,,,,,,,,,,,,,,,,,,,,,,,,,,,,,,,,,,,,,,,,,,,,,,,,,,,,,,,,,,,,1.0,,,,,,,,,,,,,,,,,,,,,,,,,,,,,,,,,,,,,,,,,,,,,,,,,,,,,,,,,,,,,,,,,,,,,,,,,,,,,,,,,,,,,,,,,,,
0,31.0,246.0,3.0,6.0,2578.0,250.0,3596.0,8.0,17.0,23.0,101.0,161.0,3027.0,67.0,32.0,65.0,6.0,7.0,38.0,2.0,9.0,5.0,32.0,2.0,66.0,122.0,66.0,16.0,235.0,1081.0,14.0,19.0,5.0,14.0,2.0,269.0,128.0,2.0,2.0,332.0,4.0,2.0,1.0,30.0,162.0,42.0,31.0,28.0,59.0,16.0,7.0,134.0,11.0,20.0,74.0,8.0,41.0,12.0,102.0,24.0,85.0,52.0,11.0,10.0,16.0,19.0,56.0,399.0,5.0,286.0,2233.0,84.0,211.0,2.0,2.0,1.0,5.0,1.0,1.0,1.0,5.0,2.0,1.0,6.0,104.0,205.0,205.0,1.0,1.0,101.0,6.0,1.0,6.0,17.0,59.0,5.0,1.0,1.0,202.0,1.0,,,,,,,,,,,,,,,,,,,,,,,,,,,,,,,,,,,,,,,,,,,,,,,,,,,,,,,,,,,,,,,,,,,,,,,,,,,,,,,,,,,,,,,,,,,,,,,,,,,,,,,,,,,,,,,,,,,,
1,5.0,55.0,4.0,8.0,313.0,6.0,20.0,3.0,4.0,,,29.0,,,4.0,1.0,,4.0,,2.0,7.0,,,,94.0,29.0,4.0,8.0,,12.0,,,,,,28.0,98.0,1.0,,54.0,,60.0,2.0,,,184.0,30.0,,4.0,,3.0,30.0,,15.0,13.0,3.0,,2.0,,,41.0,2.0,,7.0,,,15.0,113.0,,,,29.0,110.0,,3.0,1.0,,,28.0,,1.0,,3.0,4.0,,,,,,,,,,,,,,,,,,416.0,647.0,7.0,15.0,686.0,1.0,1.0,1.0,28.0,71.0,1.0,31.0,2.0,1.0,1.0,,,1.0,2.0,,,,,,,,,,,,,,,,,,,,,,,,,,,,,,,,,,,,,,,,,,,,,,,,,,,,,,,,,,,,,,,,,,,,,,,,,,,,,,,,,,,,,,,,,,,,,,,,
0,1.0,1.0,1.0,3.0,2.0,1.0,1.0,,,,,,,,,,,,,,,,,,,,,,,,,,,,,,,,,,,,,,,,,,,,,,,,,,,,,,,,,,,,,,,,,,,,,,,,,,,,,,,,,,,,,,,,,,,,,,,,,,,,,,,,,,,,,,,,,,,,,,,,,,,,,,,,,,,,,,,,,,,,,,,,,,,,,,,,,,,,,,,,,,,,,,,,,,,,,,,,,,,,,,,,,,,,,,,,,,,,,,,,,,,,,,,,,
0,1.0,1.0,1.0,3.0,2.0,1.0,1.0,,,,,,,,,,,,,,,,,,,,,,,,,,,,,,,,,,,,,,,,,,,,,,,,,,,,,,,,,,,,,,,,,,,,,,,,,,,,,,,,,,,,,,,,,,,,,,,,,,,,,,,,,,,,,,,,,,,,,,,,,,,,,,,,,,,,,,,,,,,,,,,,,,,,,,,,,,,,,,,,,,,,,,,,,,,,,,,,,,,,,,,,,,,,,,,,,,,,,,,,,,,,,,,,,
0,31.0,246.0,3.0,6.0,2574.0,247.0,3596.0,8.0,16.0,23.0,100.0,161.0,3027.0,67.0,32.0,65.0,6.0,7.0,38.0,2.0,9.0,5.0,32.0,8.0,66.0,122.0,66.0,16.0,235.0,1109.0,14.0,19.0,5.0,14.0,2.0,269.0,128.0,2.0,2.0,359.0,4.0,2.0,1.0,30.0,162.0,40.0,31.0,26.0,59.0,16.0,7.0,134.0,11.0,20.0,80.0,8.0,41.0,12.0,101.0,22.0,85.0,52.0,11.0,10.0,16.0,19.0,56.0,399.0,5.0,286.0,2233.0,84.0,209.0,2.0,2.0,1.0,5.0,1.0,1.0,1.0,5.0,2.0,1.0,6.0,104.0,205.0,205.0,1.0,1.0,101.0,6.0,1.0,6.0,17.0,59.0,5.0,1.0,1.0,202.0,1.0,1.0,,,,,,,,,,,,,,,,,,,,,,,,,,,,,,,,,,,,,,,,,,,,,,,,,,,,,,,,,,,,,,,,,,,,,,,,,,,,,,,,,,,,,,,,,,,,,,,,,,,,,,,,,,,,,,,,,,,
0,30.0,246.0,3.0,6.0,2576.0,247.0,3597.0,8.0,16.0,23.0,100.0,161.0,3035.0,67.0,32.0,65.0,6.0,7.0,38.0,2.0,9.0,5.0,32.0,2.0,66.0,122.0,66.0,16.0,237.0,1085.0,14.0,19.0,5.0,14.0,2.0,269.0,126.0,2.0,2.0,316.0,4.0,2.0,1.0,30.0,162.0,40.0,31.0,26.0,59.0,16.0,7.0,134.0,11.0,20.0,66.0,8.0,41.0,12.0,101.0,22.0,85.0,52.0,11.0,10.0,16.0,19.0,56.0,399.0,5.0,286.0,2238.0,83.0,209.0,2.0,2.0,1.0,5.0,1.0,1.0,1.0,5.0,2.0,1.0,6.0,104.0,205.0,205.0,1.0,1.0,101.0,6.0,1.0,6.0,17.0,59.0,5.0,1.0,1.0,202.0,1.0,,,,,,,,,,,,,,,,,,,,,,,,,,,,,,,,,,,,,,,,,,,,,,,,,,,,,,,,,,,,,,,,,,,,,,,,,,,,,,,,,,,,,,,,,,,,,,,,,,,,,,,,,,,,,,,,,,,,
0,31.0,246.0,3.0,6.0,2577.0,247.0,3596.0,8.0,17.0,23.0,100.0,161.0,3035.0,67.0,34.0,65.0,6.0,7.0,38.0,2.0,9.0,5.0,32.0,3.0,66.0,122.0,66.0,16.0,237.0,1123.0,14.0,19.0,5.0,14.0,2.0,269.0,128.0,2.0,2.0,311.0,4.0,2.0,1.0,30.0,161.0,40.0,31.0,26.0,59.0,16.0,7.0,134.0,11.0,20.0,81.0,8.0,41.0,12.0,101.0,22.0,86.0,52.0,11.0,10.0,16.0,19.0,56.0,401.0,5.0,286.0,2238.0,84.0,209.0,2.0,2.0,1.0,5.0,1.0,1.0,1.0,5.0,3.0,1.0,6.0,104.0,205.0,205.0,1.0,1.0,101.0,6.0,1.0,6.0,17.0,59.0,5.0,1.0,1.0,202.0,1.0,,,,,,,,,,,,,,,,,,,,,,,,,,,,,,,,,,,,,,,,,,,,,,,,,,,,,,,,,,,,,,,,,,,,,,,,,,,,,,,,,,,,,,,,,,,,,,,,,,,,,,,,,,,,,,,,,,,,
0,2.0,14.0,1.0,3.0,239.0,2.0,76.0,41.0,3.0,3.0,2.0,39.0,194.0,,48.0,,,,,,,,,1.0,,,4.0,,,326.0,,1.0,,,,42.0,,,1.0,13.0,,,,,,,,,4.0,2.0,1.0,,,18.0,1.0,,,3.0,2.0,,4.0,1.0,,7.0,,,16.0,42.0,,191.0,194.0,13.0,1.0,,,,1.0,1.0,,1.0,,1.0,39.0,,,,,,,,,,,,,,,,,,,,,,,,,,,,,,,,,,,,,,,,,,,,,,,,,,,,,,,,,,,,,,,,,,,,,,,,,,,,,,,,,,,,,,,,,,,,,,,,,,,,,,,,,,,,,,,,,,,,,,,,,,,,,,,,,,,,,
0,1.0,1.0,1.0,3.0,2.0,1.0,1.0,,,,,,,,,,,,,,,,,,,,,,,,,,,,,,,,,,,,,,,,,,,,,,,,,,,,,,,,,,,,,,,,,,,,,,,,,,,,,,,,,,,,,,,,,,,,,,,,,,,,,,,,,,,,,,,,,,,,,,,,,,,,,,,,,,,,,,,,,,,,,,,,,,,,,,,,,,,,,,,,,,,,,,,,,,,,,,,,,,,,,,,,,,,,,,,,,,,,,,,,,,,,,,,,,
0,30.0,246.0,3.0,6.0,2576.0,247.0,3597.0,8.0,16.0,23.0,100.0,161.0,3035.0,67.0,32.0,65.0,6.0,7.0,38.0,2.0,9.0,5.0,32.0,2.0,66.0,122.0,66.0,16.0,237.0,1085.0,14.0,19.0,5.0,14.0,2.0,269.0,126.0,2.0,2.0,304.0,4.0,2.0,1.0,30.0,162.0,40.0,31.0,26.0,59.0,16.0,7.0,134.0,11.0,20.0,70.0,8.0,41.0,12.0,101.0,22.0,85.0,52.0,11.0,10.0,16.0,19.0,56.0,398.0,5.0,286.0,2238.0,83.0,209.0,2.0,2.0,1.0,5.0,1.0,1.0,1.0,5.0,2.0,1.0,6.0,104.0,205.0,205.0,1.0,1.0,101.0,6.0,1.0,6.0,17.0,59.0,5.0,1.0,1.0,202.0,1.0,,,,,,,,,,,,,,,,,,,,,,,,,,,,,,,,,,,,,,,,,,,,,,,,,,,,,,,,,,,,,,,,,,,,,,,,,,,,,,,,,,,,,,,,,,,,,,,,,,,,,,,,,,,,,,,,,,,,
0,1.0,1.0,1.0,3.0,2.0,1.0,1.0,,,,,,,,,,,,,,,,,,,,,,,,,,,,,,,,,,,,,,,,,,,,,,,,,,,,,,,,,,,,,,,,,,,,,,,,,,,,,,,,,,,,,,,,,,,,,,,,,,,,,,,,,,,,,,,,,,,,,,,,,,,,,,,,,,,,,,,,,,,,,,,,,,,,,,,,,,,,,,,,,,,,,,,,,,,,,,,,,,,,,,,,,,,,,,,,,,,,,,,,,,,,,,,,,
0,31.0,246.0,3.0,6.0,2579.0,247.0,3597.0,8.0,16.0,23.0,100.0,161.0,3035.0,67.0,34.0,65.0,6.0,7.0,38.0,2.0,9.0,5.0,32.0,2.0,66.0,122.0,66.0,16.0,237.0,1095.0,14.0,19.0,5.0,14.0,2.0,269.0,128.0,2.0,2.0,312.0,4.0,2.0,1.0,30.0,162.0,40.0,31.0,26.0,59.0,16.0,7.0,134.0,11.0,20.0,80.0,8.0,41.0,12.0,101.0,22.0,85.0,52.0,11.0,10.0,16.0,19.0,56.0,399.0,5.0,286.0,2238.0,84.0,209.0,2.0,2.0,1.0,5.0,1.0,1.0,1.0,5.0,2.0,1.0,6.0,104.0,205.0,205.0,1.0,1.0,101.0,6.0,1.0,6.0,17.0,59.0,5.0,1.0,1.0,202.0,1.0,,,,,,,,,,,,,,,,,,,,,,,,,,,,,,,,,,,,,,,,,,,,,,,,,,,,,,,,,,,,,,,,,,,,,,,,,,,,,,,,,,,,,,,,,,,,,,,,,,,,,,,,,,,,,,,,,,,,
1,2.0,50.0,2.0,6.0,83.0,6.0,26.0,2.0,,,,3.0,,,4.0,4.0,,2.0,,2.0,,,,,,1.0,2.0,,,12.0,,,,,,3.0,,,,33.0,,,2.0,,2.0,4.0,,,,,5.0,,,10.0,8.0,,,2.0,,,56.0,,,4.0,,,10.0,362.0,,4.0,4.0,28.0,6.0,,1.0,,,,3.0,2.0,,,,4.0,,,,,,,,2.0,,,10.0,,,,,,,,3.0,2.0,4.0,2.0,,,,,,,,1.0,,,,,,,,,,,,,,,,,,,,,,,,,,,,,,,,,,,,,,,,,,,,,,,,,,,,,,,,,,,,,,,,,,,,,,,,,,,,,,,,,,,,,,,,,,,,,,,,,,,,,,
0,1.0,1.0,1.0,3.0,2.0,1.0,1.0,,,,,,,,,,,,,,,,,,,,,,,,,,,,,,,,,,,,,,,,,,,,,,,,,,,,,,,,,,,,,,,,,,,,,,,,,,,,,,,,,,,,,,,,,,,,,,,,,,,,,,,,,,,,,,,,,,,,,,,,,,,,,,,,,,,,,,,,,,,,,,,,,,,,,,,,,,,,,,,,,,,,,,,,,,,,,,,,,,,,,,,,,,,,,,,,,,,,,,,,,,,,,,,,,
0,30.0,246.0,3.0,6.0,2576.0,247.0,3597.0,8.0,16.0,23.0,100.0,161.0,3035.0,67.0,32.0,65.0,6.0,7.0,38.0,2.0,9.0,5.0,32.0,7.0,66.0,122.0,66.0,16.0,237.0,1133.0,14.0,19.0,5.0,14.0,2.0,269.0,126.0,2.0,2.0,299.0,4.0,2.0,1.0,30.0,162.0,40.0,31.0,26.0,59.0,16.0,7.0,134.0,11.0,20.0,64.0,8.0,41.0,12.0,101.0,22.0,85.0,52.0,11.0,10.0,16.0,19.0,56.0,398.0,5.0,286.0,2238.0,83.0,209.0,2.0,2.0,1.0,5.0,1.0,1.0,1.0,5.0,2.0,1.0,6.0,104.0,205.0,205.0,1.0,1.0,101.0,6.0,1.0,6.0,17.0,59.0,5.0,1.0,1.0,202.0,1.0,1.0,,,,,,,,,,,,,,,,,,,,,,,,,,,,,,,,,,,,,,,,,,,,,,,,,,,,,,,,,,,,,,,,,,,,,,,,,,,,,,,,,,,,,,,,,,,,,,,,,,,,,,,,,,,,,,,,,,,
0,1.0,1.0,1.0,3.0,2.0,1.0,1.0,,,,,,,,,,,,,,,,,,,,,,,,,,,,,,,,,,,,,,,,,,,,,,,,,,,,,,,,,,,,,,,,,,,,,,,,,,,,,,,,,,,,,,,,,,,,,,,,,,,,,,,,,,,,,,,,,,,,,,,,,,,,,,,,,,,,,,,,,,,,,,,,,,,,,,,,,,,,,,,,,,,,,,,,,,,,,,,,,,,,,,,,,,,,,,,,,,,,,,,,,,,,,,,,,
0,30.0,246.0,3.0,6.0,2577.0,247.0,3597.0,8.0,16.0,23.0,100.0,161.0,3035.0,67.0,32.0,65.0,6.0,7.0,38.0,2.0,9.0,5.0,32.0,7.0,66.0,122.0,66.0,16.0,237.0,1133.0,14.0,19.0,5.0,14.0,2.0,269.0,126.0,2.0,2.0,351.0,4.0,2.0,1.0,30.0,162.0,40.0,31.0,26.0,59.0,16.0,7.0,134.0,11.0,20.0,75.0,8.0,41.0,12.0,101.0,22.0,85.0,52.0,11.0,10.0,16.0,19.0,56.0,398.0,5.0,286.0,2238.0,83.0,209.0,2.0,2.0,1.0,5.0,1.0,1.0,1.0,5.0,2.0,1.0,6.0,104.0,205.0,205.0,1.0,1.0,101.0,6.0,1.0,6.0,17.0,59.0,5.0,1.0,1.0,202.0,1.0,1.0,,,,,,,,,,,,,,,,,,,,,,,,,,,,,,,,,,,,,,,,,,,,,,,,,,,,,,,,,,,,,,,,,,,,,,,,,,,,,,,,,,,,,,,,,,,,,,,,,,,,,,,,,,,,,,,,,,,
0,1.0,1.0,1.0,3.0,2.0,1.0,1.0,,,,,,,,,,,,,,,,,,,,,,,,,,,,,,,,,,,,,,,,,,,,,,,,,,,,,,,,,,,,,,,,,,,,,,,,,,,,,,,,,,,,,,,,,,,,,,,,,,,,,,,,,,,,,,,,,,,,,,,,,,,,,,,,,,,,,,,,,,,,,,,,,,,,,,,,,,,,,,,,,,,,,,,,,,,,,,,,,,,,,,,,,,,,,,,,,,,,,,,,,,,,,,,,,
0,31.0,246.0,3.0,6.0,2580.0,247.0,3597.0,8.0,16.0,23.0,100.0,161.0,3035.0,67.0,32.0,65.0,6.0,7.0,38.0,2.0,9.0,5.0,32.0,2.0,66.0,122.0,66.0,16.0,237.0,1085.0,14.0,19.0,5.0,14.0,2.0,269.0,128.0,2.0,2.0,360.0,4.0,2.0,1.0,30.0,162.0,40.0,31.0,26.0,59.0,16.0,7.0,134.0,11.0,20.0,82.0,8.0,41.0,12.0,101.0,22.0,85.0,52.0,11.0,10.0,16.0,19.0,56.0,399.0,5.0,286.0,2238.0,84.0,209.0,2.0,2.0,1.0,5.0,1.0,1.0,1.0,5.0,2.0,1.0,6.0,104.0,205.0,205.0,1.0,1.0,101.0,6.0,1.0,6.0,17.0,59.0,5.0,1.0,1.0,202.0,1.0,,,,,,,,,,,,,,,,,,,,,,,,,,,,,,,,,,,,,,,,,,,,,,,,,,,,,,,,,,,,,,,,,,,,,,,,,,,,,,,,,,,,,,,,,,,,,,,,,,,,,,,,,,,,,,,,,,,,
0,30.0,246.0,3.0,6.0,2577.0,247.0,3597.0,8.0,16.0,23.0,100.0,161.0,3035.0,67.0,32.0,65.0,6.0,7.0,38.0,2.0,9.0,5.0,32.0,8.0,66.0,122.0,66.0,16.0,237.0,1103.0,14.0,19.0,5.0,14.0,2.0,269.0,126.0,2.0,2.0,313.0,4.0,2.0,1.0,30.0,162.0,40.0,31.0,26.0,59.0,16.0,7.0,134.0,11.0,20.0,73.0,8.0,41.0,12.0,101.0,22.0,85.0,52.0,11.0,10.0,16.0,19.0,56.0,398.0,5.0,286.0,2238.0,83.0,209.0,2.0,2.0,1.0,5.0,1.0,1.0,1.0,5.0,2.0,1.0,6.0,104.0,205.0,205.0,1.0,1.0,101.0,6.0,1.0,6.0,17.0,59.0,5.0,1.0,1.0,202.0,1.0,1.0,,,,,,,,,,,,,,,,,,,,,,,,,,,,,,,,,,,,,,,,,,,,,,,,,,,,,,,,,,,,,,,,,,,,,,,,,,,,,,,,,,,,,,,,,,,,,,,,,,,,,,,,,,,,,,,,,,,
0,1.0,1.0,1.0,3.0,2.0,1.0,1.0,,,,,,,,,,,,,,,,,,,,,,,,,,,,,,,,,,,,,,,,,,,,,,,,,,,,,,,,,,,,,,,,,,,,,,,,,,,,,,,,,,,,,,,,,,,,,,,,,,,,,,,,,,,,,,,,,,,,,,,,,,,,,,,,,,,,,,,,,,,,,,,,,,,,,,,,,,,,,,,,,,,,,,,,,,,,,,,,,,,,,,,,,,,,,,,,,,,,,,,,,,,,,,,,,
0,1.0,1.0,1.0,3.0,2.0,1.0,1.0,,,,,,,,,,,,,,,,,,,,,,,,,,,,,,,,,,,,,,,,,,,,,,,,,,,,,,,,,,,,,,,,,,,,,,,,,,,,,,,,,,,,,,,,,,,,,,,,,,,,,,,,,,,,,,,,,,,,,,,,,,,,,,,,,,,,,,,,,,,,,,,,,,,,,,,,,,,,,,,,,,,,,,,,,,,,,,,,,,,,,,,,,,,,,,,,,,,,,,,,,,,,,,,,,
1,6.0,82.0,4.0,9.0,295.0,9.0,41.0,3.0,10.0,2.0,,44.0,,,50.0,5.0,,6.0,3.0,2.0,15.0,1.0,,,47.0,39.0,7.0,16.0,,424.0,,1.0,2.0,,,53.0,50.0,2.0,1.0,79.0,,23.0,3.0,,1.0,79.0,12.0,,7.0,,10.0,12.0,,42.0,24.0,6.0,,5.0,1.0,,92.0,3.0,,83.0,,,41.0,920.0,1.0,28.0,29.0,53.0,63.0,1.0,4.0,2.0,,,593.0,1.0,2.0,,3.0,4.0,,,,,,,,1.0,,,5.0,,,1.0,,,4501.0,164.0,251.0,10.0,16.0,273.0,2.0,1.0,1.0,10.0,39.0,1.0,13.0,5.0,3.0,1.0,3.0,3.0,3.0,2.0,15.0,1.0,958.0,30.0,,,,,,,,,,,,,,,,,,,,,,,,,,,,,,,,,,,,,,,,,,,,,,,,,,,,,,,,,,,,,,,,,,,,,,,,,,,,,,,,,,,,,,,,,,,,
0,30.0,246.0,3.0,6.0,2578.0,247.0,3597.0,8.0,16.0,23.0,100.0,161.0,3035.0,67.0,32.0,65.0,6.0,7.0,38.0,2.0,9.0,5.0,32.0,2.0,66.0,122.0,66.0,16.0,237.0,1085.0,14.0,19.0,5.0,14.0,2.0,269.0,126.0,2.0,2.0,312.0,4.0,2.0,1.0,30.0,162.0,40.0,31.0,26.0,59.0,16.0,7.0,134.0,11.0,20.0,73.0,8.0,41.0,12.0,101.0,22.0,85.0,52.0,11.0,10.0,16.0,19.0,56.0,398.0,5.0,286.0,2238.0,83.0,209.0,2.0,2.0,1.0,5.0,1.0,1.0,1.0,5.0,2.0,1.0,6.0,104.0,205.0,205.0,1.0,1.0,101.0,6.0,1.0,6.0,17.0,59.0,5.0,1.0,1.0,202.0,1.0,,,,,,,,,,,,,,,,,,,,,,,,,,,,,,,,,,,,,,,,,,,,,,,,,,,,,,,,,,,,,,,,,,,,,,,,,,,,,,,,,,,,,,,,,,,,,,,,,,,,,,,,,,,,,,,,,,,,
0,1.0,1.0,1.0,3.0,2.0,1.0,1.0,,,,,,,,,,,,,,,,,,,,,,,,,,,,,,,,,,,,,,,,,,,,,,,,,,,,,,,,,,,,,,,,,,,,,,,,,,,,,,,,,,,,,,,,,,,,,,,,,,,,,,,,,,,,,,,,,,,,,,,,,,,,,,,,,,,,,,,,,,,,,,,,,,,,,,,,,,,,,,,,,,,,,,,,,,,,,,,,,,,,,,,,,,,,,,,,,,,,,,,,,,,,,,,,,
0,1.0,1.0,1.0,3.0,2.0,1.0,1.0,,,,,,,,,,,,,,,,,,,,,,,,,,,,,,,,,,,,,,,,,,,,,,,,,,,,,,,,,,,,,,,,,,,,,,,,,,,,,,,,,,,,,,,,,,,,,,,,,,,,,,,,,,,,,,,,,,,,,,,,,,,,,,,,,,,,,,,,,,,,,,,,,,,,,,,,,,,,,,,,,,,,,,,,,,,,,,,,,,,,,,,,,,,,,,,,,,,,,,,,,,,,,,,,,
0,1.0,1.0,1.0,3.0,2.0,1.0,1.0,,,,,,,,,,,,,,,,,,,,,,,,,,,,,,,,,,,,,,,,,,,,,,,,,,,,,,,,,,,,,,,,,,,,,,,,,,,,,,,,,,,,,,,,,,,,,,,,,,,,,,,,,,,,,,,,,,,,,,,,,,,,,,,,,,,,,,,,,,,,,,,,,,,,,,,,,,,,,,,,,,,,,,,,,,,,,,,,,,,,,,,,,,,,,,,,,,,,,,,,,,,,,,,,,
1,26.0,5.0,3.0,6.0,343.0,2.0,4.0,,,,,37.0,,,,1.0,,,,,,,,,4.0,,1.0,,,7.0,,,8.0,,,,4.0,,,29.0,,1.0,,,,2.0,3.0,,1.0,,,4.0,2.0,,17.0,,1.0,,,,125.0,1.0,,2.0,,1.0,,752.0,,,,83.0,3.0,1.0,1.0,,,,,,4.0,,,,,1.0,1.0,,,1.0,,,,,30.0,,,,,,1.0,,1.0,1.0,1.0,3.0,29.0,,,,3.0,,1.0,1.0,,,,,,,,,,,1.0,2.0,3.0,5.0,2.0,10.0,1.0,1.0,1.0,3.0,1.0,1.0,32.0,1.0,1.0,5.0,,,,,,,,,,,,,,,,,,,,,,,,,,,,,,,,,,,,,,,,,,,,,,,,,,,,,,,,,,,,,,,,,,,,,,,,,,,,
1,4.0,54.0,4.0,4.0,176.0,6.0,19.0,3.0,4.0,,,29.0,,,4.0,1.0,,4.0,,2.0,7.0,,,,28.0,29.0,4.0,8.0,,12.0,,,,,,28.0,32.0,1.0,,55.0,,16.0,2.0,,,54.0,8.0,,4.0,,3.0,7.0,,15.0,15.0,3.0,,2.0,,,39.0,2.0,,7.0,,,15.0,113.0,,,,29.0,43.0,,3.0,1.0,,,12.0,,1.0,,3.0,4.0,,,,,,,,,,,,,,,,,,103.0,170.0,7.0,15.0,178.0,1.0,1.0,,7.0,27.0,1.0,9.0,2.0,1.0,1.0,,,1.0,2.0,,,,,,,,,,,,,,,,,,,,,,,,,,,,,,,,,,,,,,,,,,,,,,,,,,,,,,,,,,,,,,,,,,,,,,,,,,,,,,,,,,,,,,,,,,,,,,,,
1,15.0,81.0,4.0,21.0,841.0,62.0,900.0,11.0,58.0,6.0,20.0,154.0,578.0,1.0,20.0,6.0,,8.0,2.0,,1.0,1.0,52.0,202.0,25.0,60.0,38.0,8.0,5.0,2266.0,,1.0,4.0,,1.0,246.0,20.0,,4.0,28.0,8.0,6.0,,130.0,,15.0,21.0,7.0,31.0,22.0,13.0,29.0,13.0,,9.0,4.0,4.0,9.0,20.0,6.0,64.0,21.0,,4.0,12.0,7.0,2.0,410.0,1.0,18.0,459.0,110.0,71.0,3.0,10.0,1.0,8.0,8.0,579.0,15.0,4.0,8.0,20.0,,,,,,,,1.0,1.0,,,50.0,,1.0,,,,54.0,,,12.0,1.0,,8.0,9.0,,7.0,,,6.0,,,19.0,,,,,35.0,1.0,1162.0,35.0,,,,7.0,,,,,,,,,,,11.0,,1.0,2.0,2.0,29.0,2.0,3.0,4.0,1.0,1.0,3.0,1.0,1.0,1.0,1.0,1.0,,,,,,,,,,,,,,,,,,,,,,,,,,,,,,,,,,,,,,,,,,,,,,,,,,,,,,,,,,,,,
1,53.0,159.0,,159.0,1166.0,53.0,159.0,,,,,159.0,,,,,,,,,53.0,,,,,53.0,53.0,,,,,,,,,53.0,,,,3.0,,,,,,53.0,,,,,,,,,,,,,,,539.0,53.0,,,,,,590.0,,,,106.0,159.0,,53.0,,,,54.0,,54.0,,,,,,,,,,,,,,,,,,,,,,,106.0,,,106.0,,,53.0,,,,,,,,,,,,,,,,,,106.0,,,,,,,,,,,,,,,,,,,,,,,,,,,,53.0,,,,,,,,,,,,,,,,,,,,,,,,,,,,,,,,,,,,,,,,,,,,,,,,,,,,,,,,,,,,
1,53.0,159.0,,159.0,1166.0,53.0,159.0,,,,,159.0,,,,,,,,,53.0,,,,,53.0,53.0,,,,,,,,,53.0,,,,5.0,,,,,,53.0,,,,,,,,,,,,,,,530.0,53.0,,,,,,583.0,,,,106.0,159.0,,53.0,,,,53.0,,54.0,,,,,,,,,,,,,,,,,,,,,,,106.0,,,106.0,,,53.0,,,,,,,,,,,,,,,,,,106.0,,,,,,,,,,,,,,,,,,,,,,,,,,,,53.0,,,,,,,,,,,,,,,,,,,,,,,,,,,,,,,,,,,,,,,,,,,,,,,,,,,,,,,,,,,,
1,9.0,6.0,1.0,,680.0,152.0,,2.0,3.0,1.0,,60.0,2.0,,,1.0,,,,,,,,,,47.0,,,,,,2.0,1.0,,,49.0,4.0,,,37.0,,,,,,249.0,1.0,,,4.0,,69.0,,,6.0,,,4.0,2.0,,53.0,,,,,,2.0,848.0,,,,545.0,142.0,,,,,,113.0,,5.0,,9.0,,,,,,,,,,,,2.0,,,1.0,1.0,2.0,,,408.0,4.0,,138.0,12.0,,,,6.0,512.0,,2.0,1.0,60.0,,,,2.0,38.0,,67.0,2.0,,1.0,2.0,28.0,,4.0,,,,10.0,,,14.0,,,2.0,,,,,,,,,,,,,,1.0,,,3.0,1.0,2.0,18223.0,36.0,2.0,1.0,2.0,,,,,,,,,,,,,,,,,,,,,,,,,,,,,,,,,,,,,,,,,,,,,,,,,,,,
1,21.0,96.0,4.0,30.0,884.0,64.0,905.0,11.0,71.0,6.0,23.0,158.0,562.0,1.0,20.0,6.0,,10.0,2.0,,1.0,1.0,52.0,389.0,27.0,62.0,42.0,6.0,2.0,2517.0,,1.0,4.0,,1.0,250.0,20.0,,2.0,49.0,8.0,8.0,,211.0,,861.0,23.0,5.0,35.0,64.0,17.0,19.0,13.0,,3.0,4.0,4.0,7.0,19.0,4.0,72.0,21.0,,3.0,12.0,9.0,2.0,457.0,1.0,18.0,447.0,124.0,68.0,3.0,12.0,1.0,10.0,10.0,794.0,19.0,3.0,10.0,20.0,,,,,,,,1.0,1.0,,,56.0,,1.0,,,,68.0,,,17.0,1.0,,10.0,9.0,,9.0,,,6.0,,,21.0,,,,,35.0,1.0,1204.0,35.0,,,,9.0,,,,,,,,,,,11.0,,1.0,2.0,2.0,29.0,3.0,3.0,13.0,1.0,1.0,3.0,1.0,1.0,1.0,1.0,1.0,,,,,,,,,,,,,,,,,,,,,,,,,,,,,,,,,,,,,,,,,,,,,,,,,,,,,,,,,,,,,
1,26.0,5.0,3.0,6.0,343.0,2.0,4.0,,,,,37.0,,,,1.0,,,,,,,,,4.0,,1.0,,,7.0,,,8.0,,,,4.0,,,29.0,,1.0,,,,2.0,3.0,,1.0,,,4.0,2.0,,17.0,,1.0,,,,125.0,1.0,,2.0,,1.0,,752.0,,,,83.0,3.0,1.0,1.0,,,,,,4.0,,,,,1.0,1.0,,,1.0,,,,,30.0,,,,,,1.0,,1.0,1.0,1.0,3.0,29.0,,,,3.0,,1.0,1.0,,,,,,,,,,,1.0,2.0,3.0,5.0,2.0,10.0,1.0,1.0,1.0,3.0,1.0,1.0,32.0,1.0,1.0,5.0,,,,,,,,,,,,,,,,,,,,,,,,,,,,,,,,,,,,,,,,,,,,,,,,,,,,,,,,,,,,,,,,,,,,,,,,,,,,
1,2.0,6.0,2.0,6.0,47.0,2.0,6.0,2.0,,,,3.0,,,4.0,,,2.0,,2.0,,,,,,1.0,2.0,,,12.0,,,,,,3.0,,,,29.0,,,2.0,,,4.0,,,,,1.0,,,10.0,8.0,,,,,,40.0,,,4.0,,,10.0,338.0,,,,16.0,6.0,,1.0,,,,3.0,,,,,4.0,,,,,,,,2.0,,,4.0,,,,,,,,3.0,2.0,4.0,2.0,,,,,,,,1.0,,,,,,,,,,,,,,,,,,,,,,,,,,,,,,,,,,,,,,,,,,,,,,,,,,,,,,,,,,,,,,,,,,,,,,,,,,,,,,,,,,,,,,,,,,,,,,,,,,,,,,
1,2.0,50.0,2.0,6.0,83.0,6.0,26.0,2.0,,,,3.0,,,4.0,4.0,,2.0,,2.0,,,,,,1.0,2.0,,,12.0,,,,,,3.0,,,,33.0,,,2.0,,2.0,4.0,,,,,5.0,,,10.0,10.0,,,2.0,,,56.0,,,4.0,,,10.0,362.0,,4.0,4.0,28.0,6.0,,1.0,,,,3.0,2.0,,,,4.0,,,,,,,,2.0,,,10.0,,,,,,,,3.0,2.0,4.0,2.0,,,,,,,,1.0,,,,,,,,,,,,,,,,,,,,,,,,,,,,,,,,,,,,,,,,,,,,,,,,,,,,,,,,,,,,,,,,,,,,,,,,,,,,,,,,,,,,,,,,,,,,,,,,,,,,,,
1,2.0,50.0,2.0,6.0,83.0,6.0,26.0,2.0,,,,3.0,,,4.0,4.0,,2.0,,2.0,,,,,,1.0,2.0,,,12.0,,,,,,3.0,,,,33.0,,,2.0,,2.0,4.0,,,,,5.0,,,10.0,10.0,,,2.0,,,56.0,,,4.0,,,10.0,362.0,,4.0,4.0,28.0,6.0,,1.0,,,,3.0,2.0,,,,4.0,,,,,,,,2.0,,,10.0,,,,,,,,3.0,2.0,4.0,2.0,,,,,,,,1.0,,,,,,,,,,,,,,,,,,,,,,,,,,,,,,,,,,,,,,,,,,,,,,,,,,,,,,,,,,,,,,,,,,,,,,,,,,,,,,,,,,,,,,,,,,,,,,,,,,,,,,
1,6.0,60.0,4.0,9.0,287.0,6.0,22.0,3.0,10.0,2.0,,55.0,,,42.0,3.0,,6.0,3.0,2.0,15.0,1.0,,,59.0,44.0,7.0,16.0,,422.0,,1.0,2.0,,,76.0,62.0,2.0,1.0,73.0,,31.0,2.0,,,103.0,16.0,,6.0,,6.0,16.0,,42.0,23.0,6.0,,4.0,1.0,,83.0,3.0,,81.0,,,33.0,795.0,1.0,,,40.0,75.0,1.0,4.0,2.0,,,593.0,,2.0,,3.0,4.0,,,,,,,,,,26.0,,,,1.0,,,4807.0,220.0,339.0,10.0,16.0,365.0,2.0,1.0,1.0,14.0,47.0,1.0,17.0,5.0,3.0,1.0,3.0,3.0,3.0,2.0,15.0,1.0,962.0,30.0,,,,,,,,,,,,,,,,,,,,,,,,,,,,,,,,,,,,,,,,,,,,,,,,,,,,,,,,,,,,,,,,,,,,,,,,,,,,,,,,,,,,,,,,,,,,
1,2.0,50.0,2.0,6.0,83.0,6.0,26.0,2.0,,,,3.0,,,4.0,4.0,,2.0,,2.0,,,,,,1.0,2.0,,,12.0,,,,,,3.0,,,,33.0,,,2.0,,2.0,4.0,,,,,5.0,,,10.0,10.0,,,2.0,,,56.0,,,4.0,,,10.0,362.0,,4.0,4.0,28.0,6.0,,1.0,,,,3.0,2.0,,,,4.0,,,,,,,,2.0,,,10.0,,,,,,,,3.0,2.0,4.0,2.0,,,,,,,,1.0,,,,,,,,,,,,,,,,,,,,,,,,,,,,,,,,,,,,,,,,,,,,,,,,,,,,,,,,,,,,,,,,,,,,,,,,,,,,,,,,,,,,,,,,,,,,,,,,,,,,,,
1,85.0,44.0,29.0,41.0,994.0,45.0,44.0,,,,,409.0,,,,,,,,,15.0,15.0,,,1875.0,90.0,15.0,,,,,,,,,209.0,,,,120.0,,,,,,164.0,75.0,,,,,,,,14.0,,,,,,,15.0,,,,15.0,,450.0,15.0,,,105.0,119.0,,14.0,,,,,,,,,,,,,,,,,,72.0,14.0,,,,,,,,,355.0,130.0,,149.0,275.0,,,,90.0,,15.0,,,,,,,,,,,,,,,219.0,,57.0,,,,,,,57.0,,,,,,,15.0,,,,,,,,,,,,15.0,,,,,,,30.0,,13.0,,,,,,,,,,,,,,,,,,,,,,,,,,,,,,,,,,,,,,,,,,,,,,,,,,,
1,127.0,65.0,43.0,63.0,1472.0,66.0,65.0,,,,,610.0,,,,,,,,,22.0,22.0,,,3000.0,132.0,22.0,,,,,,,,,307.0,,,,176.0,,,,,,242.0,110.0,,,,,,,,22.0,,,,,,,22.0,,,,22.0,,5214.0,22.0,,,308.0,176.0,,21.0,,,,,,,,,,,,,,,,,,107.0,21.0,,,,,,,,,528.0,198.0,,220.0,411.0,,,,132.0,,22.0,,,,,,,,,,,,,,,326.0,,88.0,,,,,,,88.0,,,,,,,22.0,,,,,,,,,,,,22.0,,,,,,,44.0,,21.0,,,,,,,,,,,,,,,,,,,,,,,,,,,,,,,,,,,,,,,,,,,,,,,,,,,
1,,,1.0,,37.0,3.0,,,3.0,,,,,,,,,,,,,,1.0,,,,,,,,,,,,,,,,,6.0,1.0,,,,,,,,,,,,,,,,,23.0,,,18.0,,,,,,,23.0,,,,,,,,,,,19.0,,1.0,,,,,,,,,,,,,,,,,,,,,,,,1.0,,,,,,,,,1.0,1.0,,,,,,1.0,,32.0,1.0,,,,,,,,,,,,,,,,,,,,,,,,,,,,,,,,,,,,,,,,,,,,,,,,,,,,,,,,,,,,,,,,,,,,,,,,,,,,,,,,,,,,,,,,,,,,
1,162.0,81.0,54.0,81.0,1826.0,81.0,81.0,,,,,745.0,,,,,,,,,27.0,27.0,,,3632.0,162.0,27.0,,,,,,,,,377.0,,,,216.0,,,,,,288.0,135.0,,,,,,,,26.0,,,,,,,27.0,,,,27.0,,6399.0,27.0,,,378.0,210.0,,26.0,,,,,,,,,,,,,,,,,,132.0,26.0,,,,,,,,,627.0,234.0,,264.0,503.0,,,,162.0,,27.0,,,,,,,,,,,,,,,399.0,,105.0,,,,,,,105.0,,,,,,,27.0,,,,,,,,,,,,26.0,,,,,,,54.0,,25.0,,,,,,,,,,,,,,,,,,,,,,,,,,,,,,,,,,,,,,,,,,,,,,,,,,,
1,13.0,29.0,3.0,9.0,202.0,24.0,15.0,2.0,6.0,3.0,1.0,74.0,4.0,,9.0,2.0,,6.0,9.0,,3.0,1.0,3.0,1.0,5.0,65.0,7.0,,,1701.0,,4.0,3.0,,,74.0,12.0,,1.0,101.0,,1.0,,,,,2.0,,11.0,4.0,2.0,1.0,,3.0,68.0,,14.0,1.0,3.0,,24.0,5.0,,70.0,,,6.0,785.0,1.0,,1.0,51.0,20.0,1.0,2.0,3.0,,,22.0,,2.0,1.0,8.0,,,,,,,,,,,26.0,2.0,,1.0,,,1.0,1.0,,,5.0,,11.0,4.0,,,,16.0,3.0,3.0,,,13.0,,,,2.0,,,,,1.0,,2.0,23.0,,4.0,,,,16.0,2.0,,13.0,,,2.0,,,,,,,,,,,,,,1.0,,,3.0,,2.0,,,,,,,1.0,6.0,18.0,1.0,6.0,2.0,6.0,6.0,4.0,,,,,,,,,,,,,,,,,,,,,,,,,,,,,,,,,,,,,,,,,,
1,55.0,333.0,4.0,6.0,1118.0,432.0,272.0,3.0,25.0,13.0,170.0,687.0,326.0,61.0,184.0,142.0,,4.0,4.0,2.0,14.0,4.0,43.0,312.0,85.0,2008.0,55.0,8.0,7.0,1311.0,,7.0,8.0,,10.0,847.0,304.0,,5.0,653.0,15.0,6.0,,259.0,2.0,446.0,17.0,13.0,36.0,47.0,4.0,151.0,5.0,37.0,57.0,4.0,17.0,10.0,173.0,13.0,330.0,37.0,68.0,21.0,,4.0,44.0,1149.0,4.0,,209.0,175.0,181.0,,3.0,2.0,6.0,1.0,149.0,9.0,11.0,3.0,12.0,,40.0,40.0,40.0,1.0,,1.0,8.0,6.0,8.0,266.0,45.0,39.0,1.0,1.0,,145.0,178.0,7.0,37.0,26.0,,40.0,205.0,1.0,,11.0,77.0,3.0,13.0,12.0,3.0,3.0,,,,,,11.0,,,,1.0,2.0,62.0,,2.0,,,,73.0,127.0,,6.0,,,2.0,,,1.0,29.0,11.0,,,,1.0,4.0,1.0,,,1.0,,,,,,,,,2.0,11.0,,1.0,,,2.0,,,,,4.0,1.0,10.0,1.0,3.0,1.0,3.0,2.0,15.0,4.0,2.0,3.0,2.0,1.0,1.0,4.0,,,,,,,,,,,,,,,,,,,,,,,,,,,
1,13.0,12.0,1.0,3.0,138.0,6.0,5.0,2.0,10.0,6.0,1.0,128.0,2.0,,,,,,,,7.0,,,,1.0,128.0,1.0,8.0,2.0,,,,2.0,,,126.0,6.0,1.0,,14.0,2.0,1.0,,,,1.0,,1.0,5.0,5.0,1.0,6.0,,,1.0,4.0,,3.0,2.0,1.0,7.0,,,1.0,,,,227.0,,,,34.0,10.0,1.0,,1.0,,,,1.0,1.0,1.0,8.0,,,,,,,,,,1.0,,,,,,,1.0,,,,,,,13.0,,,,5.0,2.0,,,,13.0,1.0,,1.0,,1.0,,68.0,2.0,,,2.0,36.0,,5.0,,,,10.0,,,13.0,,,2.0,,,,,,,,,,,,,,1.0,,,6.0,,2.0,,,,,,,,,,,,,,,,,,,,1.0,,,,,,,,,,,1.0,2.0,1.0,1.0,1.0,,,,,,,,,,,,,,,,,,,,,,
1,17.0,43.0,1.0,,409.0,79.0,17.0,8.0,41.0,18.0,33.0,584.0,10.0,,30.0,1.0,,6.0,3.0,,9.0,1.0,28.0,892.0,60.0,506.0,54.0,8.0,4.0,258.0,,3.0,3.0,,2.0,684.0,98.0,,7.0,296.0,52.0,2.0,5.0,846.0,,66.0,,2.0,39.0,14.0,5.0,31.0,5.0,49.0,36.0,4.0,1.0,15.0,32.0,2.0,34.0,24.0,,54.0,8.0,3.0,50.0,524.0,1.0,,4.0,79.0,66.0,1.0,,1.0,13.0,,325.0,,16.0,,11.0,,,1.0,1.0,,,,,,13.0,38.0,,10.0,1.0,,,9.0,123.0,,78.0,117.0,1.0,,56.0,,,12.0,33.0,2.0,,,,22.0,1.0,,1.0,,,,,,,,3.0,95.0,,20.0,,,,20.0,,,32.0,,4.0,3.0,1.0,,1.0,,5.0,,,,,6.0,10.0,,,2.0,,,10.0,3.0,2.0,,,24.0,6.0,,3.0,1.0,,3.0,,,2.0,,,,,,,,,,3.0,5.0,,3.0,,,,,,1.0,20.0,,1.0,2.0,12.0,3.0,1.0,2.0,3.0,3.0,13.0,3.0,3.0,3.0,,,,,,,,,,,,
1,14.0,44.0,1.0,3.0,345.0,86.0,13.0,13.0,8.0,17.0,18.0,709.0,2.0,,61.0,,,,,,11.0,1.0,14.0,2.0,6.0,2305.0,16.0,8.0,111.0,279.0,,,1.0,,1.0,859.0,16.0,1.0,2.0,40.0,2.0,1.0,,,,14.0,2.0,12.0,14.0,13.0,4.0,106.0,3.0,21.0,8.0,5.0,2.0,10.0,20.0,12.0,30.0,8.0,4.0,8.0,8.0,,19.0,329.0,1.0,,,55.0,60.0,1.0,,1.0,1.0,,,,2.0,,11.0,,,,,,,,,,8.0,203.0,,7.0,,,,1.0,,,2.0,,,,18.0,,,,21.0,2.0,3.0,,,19.0,1.0,,1.0,,2.0,,66.0,2.0,,,3.0,57.0,,16.0,,,,15.0,,,25.0,,,3.0,,,,,1.0,,,,,,,,,1.0,,,5.0,,2.0,,,,,,3.0,1.0,,2.0,,,,,1.0,,,,1.0,,,,,,,,,,,,,1.0,,,1.0,1.0,3.0,,,,,,,,,,1.0,1.0,1.0,,,,,,,,,
1,2.0,13.0,1.0,3.0,169.0,17.0,42.0,,11.0,,10.0,27.0,176.0,4.0,,,,,,,1.0,,15.0,314.0,3.0,32.0,11.0,,5.0,149.0,,,2.0,,,30.0,6.0,,2.0,8.0,7.0,,,197.0,,2.0,,2.0,13.0,12.0,,10.0,2.0,,1.0,,,2.0,9.0,2.0,16.0,3.0,,1.0,,,,34.0,,,120.0,5.0,11.0,,,,,,148.0,,1.0,,,,,,,,,,,,,,,,,,,,33.0,,,,,,1.0,,,,,,,,,,,,,,,,,,,,,,,,,,,,,,,,,,,,,7.0,9.0,,,,,4.0,,,,,,,,,,,,,,,,,,,,,,,,,1.0,,,,,,,,,,,,,,,,,,,,,,,,,,,,,,,,,,,,,,,,,
1,162.0,81.0,54.0,81.0,1826.0,81.0,81.0,,,,,745.0,,,,,,,,,27.0,27.0,,,3632.0,162.0,27.0,,,,,,,,,377.0,,,,216.0,,,,,,837.0,135.0,,,,,,,,26.0,,,,,,,27.0,,,,27.0,,810.0,27.0,,,189.0,210.0,,26.0,,,,,,,,,,,,,,,,,,132.0,26.0,,,,,,,,,1176.0,234.0,,264.0,503.0,,,,162.0,,27.0,,,,,,,,,,,,,,,399.0,,105.0,,,,,,,105.0,,,,,,,27.0,,,,,,,,,,,,26.0,,,,,,,54.0,,25.0,,,,,,,,,,,,,,,,,,,,,,,,,,,,,,,,,,,,,,,,,,,,,,,,,,,
1,3.0,3.0,2.0,6.0,36.0,2.0,3.0,,,,,2.0,,,,1.0,,,,,,,1.0,,4.0,,1.0,,,,,,7.0,,,,2.0,,,2.0,,,,,,2.0,,,,,,,,,2.0,,,,,,3.0,1.0,,2.0,,,,35.0,,,,2.0,2.0,,1.0,,,,,,,,,,,,,,,,,,,,4.0,,,,,,,,1.0,,,,,,,,,,,1.0,,,,,,,,,,,1.0,,,,,,,,,,,,,,,,,,,,,,,,,,,,,,,,,,,,,,,,,,,,,,,,,,,,,,,,,,,,,,,,,,,,,,,,,,,,,,,,,,,,,,,,,,,
1,,19.0,,,50.0,,9.0,,,2.0,,13.0,,,1.0,1.0,,,,1.0,1.0,,1.0,2.0,8.0,7.0,4.0,,,102.0,,,,,,24.0,,,1.0,22.0,7.0,1.0,1.0,1.0,,68.0,2.0,,2.0,,1.0,,,9.0,6.0,,,,1.0,,33.0,1.0,,5.0,,,7.0,55.0,,,,8.0,10.0,,,,,,,,,,,,,,,,,,,,,26.0,,,,,,,5.0,,74.0,6.0,1.0,6.0,,,,,,,1.0,,,,,,,,,,,,,,,,,,,,,,17.0,,,,6.0,,,,,,,,,,,,6.0,,,,,,,,,,,,,1.0,,,,,,,,,,,,,,,,,,,,,,,,,,,,,,,,,,,,,,,,,3.0,,,1.0,2.0,,,,,,,
1,,5.0,,,22.0,,2.0,,,2.0,,175.0,,,27.0,,,,,,2.0,,,,,63.0,3.0,,,247.0,,1.0,2.0,,,188.0,,,1.0,11.0,,,,,,,,,2.0,,1.0,,,33.0,,,4.0,,1.0,,11.0,1.0,,7.0,,,32.0,68.0,,,,7.0,1.0,,,,,,,,,,,,,,,,,,,,,191.0,,,,,,,10.0,,,,,,3.0,,,,,,,,,,,,,,,,,,,,,,,,,,,,96.0,,,,,,,,,1.0,,,,,,,,,,,,,,,,,,,,2.0,,,,,,,,,,,,,,,,,,,,,,,,,,,,,,,,,,,,,,,,,,,,,,,,,,,,
1,15.0,143.0,,,995.0,383.0,651.0,,23.0,5.0,134.0,889.0,827.0,20.0,4.0,7.0,1.0,4.0,9.0,1.0,2.0,1.0,62.0,110.0,20.0,2538.0,42.0,8.0,145.0,559.0,,8.0,5.0,,,1019.0,38.0,,1.0,143.0,1.0,,,129.0,,121.0,14.0,31.0,34.0,107.0,3.0,186.0,8.0,28.0,118.0,4.0,13.0,15.0,138.0,38.0,239.0,31.0,6.0,23.0,,5.0,38.0,617.0,1.0,5.0,552.0,69.0,196.0,,,2.0,1.0,,142.0,,3.0,1.0,2.0,3.0,,1.0,,,,,1.0,122.0,,53.0,,,1.0,,,5.0,273.0,,118.0,1.0,1.0,,79.0,2.0,,34.0,14.0,,9.0,5.0,4.0,6.0,,,1.0,2.0,36.0,11.0,67.0,2.0,,,,78.0,,1.0,,,,,205.0,,,,,,,,,4.0,10.0,,,4.0,3.0,8.0,,,,,,,,,2.0,,,,,4.0,,,,,,,2.0,,,,4.0,,1.0,4.0,,,1.0,16.0,1.0,,,4.0,,99.0,,1.0,,,1.0,,58.0,,,,,,,,,,,,,,,1.0,1.0,1.0,5.0,75.0,30.0,2.0
1,2.0,1.0,3.0,2.0,31.0,3.0,1.0,,,,,3.0,,,,,,,,,,,,,4.0,1.0,,,,7.0,,,8.0,,,1.0,4.0,,,10.0,,,,,,2.0,1.0,,,,,,,,2.0,,,,,,3.0,,,2.0,,,,11.0,,,,7.0,1.0,1.0,1.0,,,,,,,,,,,,,,,,,,,,26.0,,,,,,1.0,,1.0,,,3.0,2.0,,,,,,,1.0,,,,,,,,,,,1.0,,,2.0,,,,,1.0,,1.0,1.0,,,,,,,,,,,,,,,,,,,,,,,,,,,,,,,,,,,,,,,,,,,,,,,,,,,,,,,,,,,,,,,,,,,,,,,,,,,,,,,,
1,,,,1.0,1.0,,,,,,,,,,,,,,,,,,,,,,,,,,,,,,,,,,,,,,,,,,,,,,,,,,,,,,,,,,,,,,,,,,,,,,,,,,,,,,,,,,,,,,,1.0,,,,,,,,,,,,,,,,,,,,,,,,1.0,,,,,,,,,,,,,,,,,,,,,,,,,,,,,,,,,,,,,,,,,,,,,,,,,,,,,,,,,,,,,,,,,,,,,,,,,,,,,,,,,,,,,,,,,,,,,,,,,,,,
1,,2.0,,1.0,3.0,,2.0,,,,,,,,,,,,,,,,,,,,,,,,,,,,,,,,,,,,,,,,,,,,,,,,,,,,,,,,,,,,,,,,,,,,,,,,,,,,,,,,,,,,,1.0,,,,,,,,,,,,,,,,,,,,,,,,,,,,,,,,,,,,,,,,,,,,,,,,,,,,,,,,,,,,,,,,,,,,,,,,,,,,,,,,,,,,,,,,,,,,,,,,,,,,,,,,,,,,,,,,,,,,,,,,,,,,
1,2.0,23.0,,3.0,27.0,,11.0,,,,,,,,,,,,,,,,,,,,1.0,,,,,,,,,,,,,,,,,,1.0,1.0,,,,,,,,,,,,,,,,1.0,,,,,,,,2.0,,,2.0,,,,,,,,,,,,,,,,,,,,,,,,,,,,,,1.0,,,,,,,1.0,,,,,,,,,,,,,,,,,,,,,,,,,,,,,,,,,,,,,,,,,,,,,,,,,,,,,,,,,,,,,,,,,,,,,,,,,,,,,,,,,,,,,,,,,,,,,,,,,,2.0,,,,,,,,
1,,,,1.0,,,,,,,,,,,,,,,,,,,,,,,,,,,,,,,,,,,,,,,,,,,,,,,,,,,,,,,,,,,,,,,,,,,,,1.0,,,,,,1.0,,,,,,,,,,,,,1.0,,,,,,,,,,,,,,,,,,,,,,,,1.0,,,,,,,,,,,,,,,,,,,,,,,,,,,,,,,,,,,,,,,,,,,,,,,,,,,,,,,,,,,,,,,,,,,,,,,,,,,,,,,,,,,,,,,,,,,,,,,,,,,,
